ID,NAME,Latitude,Longitude,StationID,Vej_temp,Luft_temp,Dewpoint
1,1,55.99561302717224,12.48656104828325,Vejtemp_1,9,10,10
2,2,55.95821800107858,11.921130044101616,Vejtemp_2,9,10,10
3,3,55.90861003703686,12.26754101814831,Vejtemp_3,10,10,10
4,4,55.87288000496951,12.191519929346516,Vejtemp_4,10,10,10
5,5,55.84320003294816,12.03981592646499,Vejtemp_5,10,10,10
6,6,55.80534007830431,12.380185957459675,Vejtemp_6,11,10,10
7,7,55.75418005207008,12.29111092733249,Vejtemp_7,10,10,10
8,8,55.73354300522918,12.127053920098245,Vejtemp_8,10,9,9
9,9,55.73809007514659,11.950188947365167,Vejtemp_9,10,10,10
10,10,55.69499005474504,12.534574039495734,Vejtemp_10,10,10,10
11,11,55.648342045750326,11.927538987208841,Vejtemp_11,10,10,10
12,12,55.651096057627306,12.151222034743046,Vejtemp_12,11,10,10
13,13,55.6554700355814,12.207268983786877,Vejtemp_13,9,11,11
14,14,55.64341399622667,12.426630985805891,Vejtemp_14,10,10,10
15,15,55.62980704163937,12.544102921929039,Vejtemp_15,9,10,10
16,16,55.61411304477866,12.510605050965538,Vejtemp_16,11,10,10
17,17,55.59961004701753,12.100910995173548,Vejtemp_17,9,10,10
18,18,55.57253602347619,11.980721048092942,Vejtemp_18,9,10,10
19,19,55.539345036560924,11.927479994102232,Vejtemp_19,9,10,10
20,20,55.82493607741165,12.379249035622147,Vejtemp_20,10,10,10
21,21,55.66304005411995,12.237548006864056,Vejtemp_21,11,11,11
22,22,55.67630404729844,12.42482907277561,Vejtemp_22,11,12,12
23,23,55.45721404235773,11.968831983688235,Vejtemp_23,11,10,10
24,24,55.47812006355892,12.096418968596495,Vejtemp_24,11,10,10
25,25,55.73854002874154,12.45544893564879,Vejtemp_25,11,10,10
26,26,55.640697010099785,12.351294031581006,Vejtemp_26,11,10,10
27,27,55.61299003762023,12.324471031078883,Vejtemp_27,14,10,10
28,28,55.961340032812025,12.484130072810355,Vejtemp_28,10,10,10
29,29,55.69813501747992,12.384458958318834,Vejtemp_29,11,11,11
30,30,55.93545999720146,12.07780905847746,Vejtemp_30,9,10,10
31,31,55.6757200529854,12.324920051584003,Vejtemp_31,11,11,11
32,32,55.62819007006396,12.584975052803832,Vejtemp_32,10,10,10
33,33,55.71806304102107,12.30339192240338,Vejtemp_33,10,10,10
34,34,55.757990011158206,12.442968974160266,Vejtemp_34,11,10,10
35,35,55.552680020604804,12.224668948095635,Vejtemp_35,11,10,10
36,36,55.50393002671749,12.175990040645557,Vejtemp_36,11,11,11
37,37,55.81289003453068,12.060119958030732,Vejtemp_37,10,10,10
38,38,55.80982603383034,12.03670396853746,Vejtemp_38,10,10,10
39,39,55.47937005216131,12.137339024372025,Vejtemp_39,10,10,10
40,40,55.68528705515183,12.429359072107488,Vejtemp_40,11,11,11
41,41,56.038640047795134,12.343686036703843,Vejtemp_41,9,9,9
42,42,55.99747505864873,12.143668947595577,Vejtemp_42,8,8,8
43,43,56.07580607200476,12.447412943251917,Vejtemp_43,9,10,10
44,44,56.04691305360471,12.52526099994265,Vejtemp_44,9,10,10
45,45,55.93230004115208,12.520993976963826,Vejtemp_45,9,10,10
46,46,55.97477302833027,12.543392009586318,Vejtemp_46,8,10,10
47,47,55.946190072940304,12.342758058069672,Vejtemp_47,9,10,10
48,48,55.86265002033665,12.253046973639703,Vejtemp_48,9,9,9
49,49,55.886350028546076,12.150091964922154,Vejtemp_49,9,10,10
50,50,55.838220052452805,12.238645937258015,Vejtemp_50,9,10,10
51,51,55.85938007118704,12.398896951986762,Vejtemp_51,9,10,10
52,52,55.835167026952696,12.254950057059924,Vejtemp_52,9,10,10
53,53,55.88310604801839,12.51902795535424,Vejtemp_53,9,10,10
54,54,55.8703840746328,12.515175081477876,Vejtemp_54,8,10,10
55,55,55.87681998993122,12.44408901472396,Vejtemp_55,9,10,10
56,56,55.83253505836896,12.549177019774557,Vejtemp_56,9,10,10
57,57,55.808487058662564,12.474091005413134,Vejtemp_57,9,10,10
58,58,55.853170065548674,12.449835932501395,Vejtemp_58,9,10,10
59,59,55.77210604978029,12.38745895542882,Vejtemp_59,9,10,10
60,60,55.82219305374918,12.363390019262242,Vejtemp_60,9,10,10
61,61,55.7830199902314,12.280161065099312,Vejtemp_61,9,10,10
62,62,55.77896999122686,12.12142099997914,Vejtemp_62,9,10,10
63,63,55.767040029941164,12.15143995900518,Vejtemp_63,9,10,10
64,64,55.75241505206261,12.269442024912435,Vejtemp_64,9,10,10
65,65,55.806610011913605,12.134587956497091,Vejtemp_65,9,10,10
66,66,55.785590041365296,12.118768024067373,Vejtemp_66,9,10,10
67,67,55.80309307022182,12.264523950923143,Vejtemp_67,9,10,10
68,68,55.78434004949013,12.496583978938329,Vejtemp_68,9,10,10
69,69,55.54411707375737,12.040953070107129,Vejtemp_69,9,10,10
70,70,55.729130022842085,12.204357001262167,Vejtemp_70,9,10,10
71,71,55.63223301272489,12.043650071056994,Vejtemp_71,9,10,10
72,72,55.72185004365678,12.3852899363544,Vejtemp_72,9,10,10
73,73,55.7488020562022,12.403677009790783,Vejtemp_73,9,10,10
74,74,55.716232026709555,12.435853983667666,Vejtemp_74,9,11,11
75,75,55.7184000296366,12.448343043016221,Vejtemp_75,10,10,10
76,76,55.767640021680045,12.547071002511382,Vejtemp_76,10,12,12
77,77,55.750175040377655,12.588958941000055,Vejtemp_77,9,13,13
78,78,55.73958606393179,12.525317076226637,Vejtemp_78,10,11,11
79,79,55.64057506767787,11.840557027670872,Vejtemp_79,9,10,10
80,80,55.66576399334467,12.184091051177184,Vejtemp_80,9,10,10
81,81,55.63805402255295,12.322507982765924,Vejtemp_81,9,10,10
82,82,55.630615078157305,12.191492010976317,Vejtemp_82,9,10,10
83,83,55.67481005495453,12.362663061780937,Vejtemp_83,9,10,10
84,84,55.67456000372319,12.410344030397738,Vejtemp_84,9,10,10
85,85,55.70980506216438,12.44602904163865,Vejtemp_85,9,10,10
86,86,55.68080501020918,12.436152030857821,Vejtemp_86,9,10,10
87,87,55.716843059775805,12.490940033342877,Vejtemp_87,9,11,11
88,88,55.710915034934075,12.588575064397636,Vejtemp_88,10,11,11
89,89,55.69728501523192,12.479280983768044,Vejtemp_89,9,10,10
90,90,55.68980002932081,12.583398025008442,Vejtemp_90,10,11,11
91,91,55.643623059757644,12.500277933647908,Vejtemp_91,9,10,10
92,92,55.66941505774824,12.580980940719053,Vejtemp_92,9,10,10
93,93,55.62912007293705,12.571195928935184,Vejtemp_93,9,9,9
94,94,55.703304001676194,12.568656010505228,Vejtemp_94,9,10,10
95,95,55.72286001239802,12.51649095263605,Vejtemp_95,9,10,10
96,96,55.71729304643832,12.568369970854587,Vejtemp_96,10,11,11
97,97,55.71750004366484,12.568378989804163,Vejtemp_97,10,9,9
98,98,55.657776065966324,12.452416980503754,Vejtemp_98,10,10,10
99,99,55.605247010141476,12.617973998303219,Vejtemp_99,9,10,10
100,100,55.603550000058696,12.583181958932618,Vejtemp_100,9,10,10
101,101,55.60639602331084,12.381373983445778,Vejtemp_101,9,10,10
102,102,55.59662198974884,12.18232404339321,Vejtemp_102,9,10,10
103,103,55.60013606529243,12.308924958983914,Vejtemp_103,10,10,10
104,104,55.44769003850943,12.15806303751921,Vejtemp_104,10,12,12
105,105,55.51036505670961,12.150160990644283,Vejtemp_105,10,10,10
106,106,55.45416300077401,12.002191918491256,Vejtemp_106,9,10,10
107,107,55.52427307580516,11.971673969140422,Vejtemp_107,9,10,10
108,108,55.585087007337115,12.126234008817146,Vejtemp_108,9,10,10
109,109,55.61569202401919,12.114709934833432,Vejtemp_109,9,10,10
110,110,55.91457007313193,12.27401293642429,Vejtemp_110,9,10,10
111,111,55.92552004829463,12.310771984784664,Vejtemp_111,9,9,9
112,112,55.93508499128337,12.507822071845577,Vejtemp_112,10,10,10
113,113,55.93814502937295,11.520688929128577,Vejtemp_113,8,9,9
114,114,55.66451601905321,11.272801919609794,Vejtemp_114,10,10,10
115,115,55.65957604162825,11.14005594547956,Vejtemp_115,10,10,10
116,116,55.654842065575004,11.535194989827698,Vejtemp_116,10,10,10
117,117,55.49908005233585,11.27437907349669,Vejtemp_117,9,10,10
118,118,55.457657035579615,11.760210024469185,Vejtemp_118,10,10,10
119,119,55.43063703170234,11.443252038298429,Vejtemp_119,10,10,10
120,120,55.36352000333546,11.238123983743138,Vejtemp_120,9,9,9
121,121,55.365665037181536,11.765656017917326,Vejtemp_121,9,9,9
122,122,55.382904000340126,12.093438012247551,Vejtemp_122,11,10,10
123,123,55.29137804515174,11.559856957449226,Vejtemp_123,9,9,9
124,124,55.26091006996175,11.933258049743165,Vejtemp_124,9,9,9
125,125,55.227240046642414,11.980722056527041,Vejtemp_125,10,9,9
126,126,55.213960007775064,11.732345059906363,Vejtemp_126,9,9,9
127,127,55.12470999253056,11.933766985870092,Vejtemp_127,10,10,10
128,128,54.99680005866257,12.010946979408738,Vejtemp_128,9,9,9
129,129,54.968803046718726,12.002234036469313,Vejtemp_129,11,10,10
130,130,54.93853801908167,11.967156046874118,Vejtemp_130,12,11,11
131,131,54.74489604386055,11.45106903431972,Vejtemp_131,10,10,10
132,132,54.75821005447424,11.863929941219924,Vejtemp_132,10,11,11
133,133,54.65690003622272,11.911088925075317,Vejtemp_133,10,10,10
134,134,54.792355065180345,11.65334194188115,Vejtemp_134,11,11,11
135,135,55.66825503652282,11.757091976782707,Vejtemp_135,10,10,10
136,136,54.86657005002138,11.115395967405608,Vejtemp_136,9,10,10
137,137,55.572475011852625,11.64445604478679,Vejtemp_137,10,9,9
138,138,55.84670599375876,11.601779996365964,Vejtemp_138,9,10,10
139,139,55.65880601965888,11.677907923000674,Vejtemp_139,10,10,10
140,140,54.75769003884585,11.92080994040657,Vejtemp_140,10,10,10
141,141,55.06607001569289,15.006153935249406,Vejtemp_141,9,9,9
142,142,55.25188999271934,11.727824048295954,Vejtemp_142,9,9,9
143,143,55.37711304677347,11.375091990327528,Vejtemp_143,12,9,9
144,144,55.657330052371435,11.64765597175647,Vejtemp_144,10,10,10
145,145,55.981650057738875,11.311342000524315,Vejtemp_145,9,9,9
146,146,55.912456989558564,11.549523022391718,Vejtemp_146,9,10,10
147,147,55.895638075596175,11.66544003385868,Vejtemp_147,10,11,11
148,148,55.88397000155184,11.605323063639508,Vejtemp_148,9,10,10
149,149,55.82959403777283,11.680709955150299,Vejtemp_149,9,10,10
150,150,55.818380026062876,11.694659037594672,Vejtemp_150,9,10,10
151,151,55.817436047402936,11.542259947283986,Vejtemp_151,10,10,10
152,152,55.81196602706463,11.586286971968732,Vejtemp_152,9,10,10
153,153,55.80093804091298,11.377779069152412,Vejtemp_153,9,9,9
154,154,55.79782503762972,11.544767070669494,Vejtemp_154,10,10,10
155,155,55.696460013136495,11.679167980090597,Vejtemp_155,10,10,10
156,156,55.57962004465214,11.83785693592907,Vejtemp_156,9,10,10
157,157,55.72741304420419,11.577543993126838,Vejtemp_157,10,10,10
158,158,55.60778404251913,11.730433973085358,Vejtemp_158,9,10,10
159,159,55.64060000296924,11.399708937543183,Vejtemp_159,10,10,10
160,160,55.53697207138604,11.412988985956982,Vejtemp_160,6,10,10
161,161,55.44169204746405,11.5745210672886,Vejtemp_161,9,10,10
162,162,55.24773799890523,11.377623045912333,Vejtemp_162,8,9,9
163,163,55.42957301269911,11.292749058030394,Vejtemp_163,9,9,9
164,164,55.32435999342826,11.176394945800501,Vejtemp_164,9,9,9
165,165,55.21248201106581,11.701144032283143,Vejtemp_165,8,9,9
166,166,55.14660602922496,11.817503020385498,Vejtemp_166,8,9,9
167,167,55.20672207188805,11.959493080707496,Vejtemp_167,9,9,9
168,168,55.32790002848868,11.941500002636813,Vejtemp_168,7,10,10
169,169,55.358930059374266,12.313785004122291,Vejtemp_169,9,10,10
170,170,55.346316990787784,12.16002501917683,Vejtemp_170,9,10,10
171,171,54.93935006443384,12.217177924666197,Vejtemp_171,11,8,8
172,172,54.986183004732304,12.472112949253143,Vejtemp_172,9,9,9
173,173,54.93496007671238,12.211160005980048,Vejtemp_173,10,11,11
174,174,54.90339007905857,11.331904022285642,Vejtemp_174,9,10,10
175,175,54.81293502827955,11.176482031455352,Vejtemp_175,10,10,10
176,176,54.76053207831077,11.208394054956903,Vejtemp_176,9,10,10
177,177,54.79520804554946,11.036021926712131,Vejtemp_177,9,9,9
178,178,54.70262502077495,11.496676009303494,Vejtemp_178,10,10,10
179,179,54.92331307893255,11.874556044839442,Vejtemp_179,10,12,12
180,180,54.72008504610888,11.792984061700372,Vejtemp_180,10,11,11
181,181,55.257404055664004,14.76318102501753,Vejtemp_181,9,9,9
182,182,55.227146004221915,14.884810001176938,Vejtemp_182,10,10,10
183,183,55.18032504627575,14.82646404159399,Vejtemp_183,9,9,9
184,184,55.17693003906455,14.732274068199937,Vejtemp_184,9,9,9
185,185,55.163532001417714,14.982272937669082,Vejtemp_185,10,10,10
186,186,55.12494699954925,14.925098008094754,Vejtemp_186,9,9,9
187,187,55.11254005922742,15.142033058012654,Vejtemp_187,10,11,11
188,188,55.02594804675855,14.97752299086315,Vejtemp_188,9,9,9
189,189,55.11898405373442,14.782300996713863,Vejtemp_189,10,10,10
190,190,55.107090031233916,14.7215379343844,Vejtemp_190,10,10,10
191,191,55.745205051769524,11.456299029216167,Vejtemp_191,10,10,10
192,192,55.62561804948494,9.728270045287845,Vejtemp_192,11,11,11
193,193,55.5887300552438,9.604599942037455,Vejtemp_193,12,11,11
194,194,55.54048507147367,9.662453924948862,Vejtemp_194,11,11,11
195,195,55.51454999153305,8.628857072692849,Vejtemp_195,10,10,10
196,196,55.49746299906822,9.083406069397714,Vejtemp_196,10,10,10
197,197,55.513880027798436,9.40811998094556,Vejtemp_197,11,11,11
198,198,55.49339705544954,9.420793936572185,Vejtemp_198,12,11,11
199,199,55.42056700302255,8.703960004949321,Vejtemp_199,10,9,9
200,200,55.33891299787899,9.444100012876337,Vejtemp_200,11,10,10
201,201,55.298500040359556,8.908379932101282,Vejtemp_201,9,10,10
202,202,55.28244001427382,9.060780028990019,Vejtemp_202,9,10,10
203,203,55.25316604763183,9.304873009894363,Vejtemp_203,10,10,10
204,204,55.23254405598349,9.383896982179309,Vejtemp_204,12,11,11
205,205,55.175710008066446,9.058492970043636,Vejtemp_205,9,10,10
206,206,55.098705071926666,8.940483986382656,Vejtemp_206,9,10,10
207,207,55.00925006695416,8.8521099379652,Vejtemp_207,9,10,10
208,208,54.982990007961114,9.613307962931467,Vejtemp_208,9,10,10
209,209,54.98171004648051,9.9668319556644,Vejtemp_209,9,10,10
210,210,54.932940012149935,9.012900003610117,Vejtemp_210,9,10,10
211,211,54.83707004229712,9.339673020756576,Vejtemp_211,11,10,10
212,212,55.51866002712034,9.749364969210005,Vejtemp_212,13,10,10
213,213,55.400246072697875,10.159734069209001,Vejtemp_213,11,10,10
214,214,55.3534050766904,10.37217092991335,Vejtemp_214,11,10,10
215,215,55.33262304965514,10.729126041927872,Vejtemp_215,11,10,10
216,216,55.307230022534064,9.945133007977235,Vejtemp_216,9,10,10
217,217,55.13340805602634,10.30199894581917,Vejtemp_217,11,10,10
218,218,55.032620075207845,10.613250028280689,Vejtemp_218,9,10,10
219,219,55.19703001607457,10.51900993506941,Vejtemp_219,10,10,10
220,220,55.047080000282875,10.603190946540318,Vejtemp_220,9,9,9
221,221,54.92220701987374,9.766330977038537,Vejtemp_221,11,11,11
222,222,55.48082004620354,9.42279201003416,Vejtemp_222,12,11,11
223,223,54.947760061030756,10.707540064513823,Vejtemp_223,9,9,9
224,224,55.28185705224961,10.45346998439469,Vejtemp_224,10,10,10
225,225,55.1975330086993,8.727040019438835,Vejtemp_225,10,10,10
226,226,55.34959399517212,10.58715506792447,Vejtemp_226,11,10,10
227,227,55.20741007800057,10.567930040404844,Vejtemp_227,9,10,10
228,228,55.1991300777121,10.324380069820586,Vejtemp_228,9,10,10
229,229,55.10952403494091,10.155630959034312,Vejtemp_229,9,10,10
230,230,54.983680075139056,9.37906996558417,Vejtemp_230,11,10,10
231,231,55.48649204080265,9.849003018253121,Vejtemp_231,11,11,11
232,232,55.582230046889904,8.492509944340101,Vejtemp_232,9,10,10
233,233,55.50416605413215,8.390474033121215,Vejtemp_233,8,9,9
234,234,55.49758506369943,8.57233406158454,Vejtemp_234,9,10,10
235,235,55.490350061277454,8.43756204490173,Vejtemp_235,9,10,10
236,236,55.3878170037891,8.869082007379617,Vejtemp_236,9,10,10
237,237,55.26274503485443,8.819127055721603,Vejtemp_237,9,10,10
238,238,55.48540504652365,8.69890193184866,Vejtemp_238,8,10,10
239,239,55.60497705682049,9.180228948009352,Vejtemp_239,9,10,10
240,240,55.53806006322202,9.112080000836528,Vejtemp_240,9,10,10
241,241,55.51401502923423,8.866350002338894,Vejtemp_241,8,10,10
242,242,55.43736306161563,8.990958077009672,Vejtemp_242,9,10,10
243,243,55.39457303667493,9.097390957534655,Vejtemp_243,9,10,10
244,244,55.597153073004804,8.938468929460873,Vejtemp_244,9,10,10
245,245,55.35579000457668,8.993455964542159,Vejtemp_245,9,10,10
246,246,55.434560053500505,9.212046997559774,Vejtemp_246,10,10,10
247,247,55.54945406539031,9.703747064801231,Vejtemp_247,9,11,11
248,248,55.34522004203807,9.26409797445975,Vejtemp_248,9,10,10
249,249,55.26958504523885,9.539378951489041,Vejtemp_249,9,10,10
250,250,55.16666801510431,9.294790035494552,Vejtemp_250,9,11,11
251,251,55.193800060929355,9.51343301581598,Vejtemp_251,8,10,10
252,252,55.23956307219491,9.041683943758729,Vejtemp_252,9,10,10
253,253,55.17973005720608,9.237023023522537,Vejtemp_253,9,10,10
254,254,55.35200999365703,9.59160197006678,Vejtemp_254,9,10,10
255,255,55.29735999839757,9.37868006619686,Vejtemp_255,9,10,10
256,256,54.90788006887801,8.747990077394991,Vejtemp_256,10,10,10
257,257,55.1455900241768,8.897859922725962,Vejtemp_257,9,10,10
258,258,55.07924004679484,8.659678006800615,Vejtemp_258,9,10,10
259,259,55.13680005164097,9.436899997279598,Vejtemp_259,9,10,10
260,260,55.075000007723894,9.250999994031542,Vejtemp_260,9,10,10
261,261,55.01320605561548,9.423760053563488,Vejtemp_261,9,10,10
262,262,54.95590000982636,9.17419998410483,Vejtemp_262,9,10,10
263,263,54.888999994601065,9.35930001092619,Vejtemp_263,9,10,10
264,264,54.87671700421435,9.142483002084077,Vejtemp_264,9,10,10
265,265,55.02630006162012,9.15140006358298,Vejtemp_265,9,10,10
266,266,55.11208707382545,9.417246061519807,Vejtemp_266,9,10,10
267,267,54.989950057506405,9.859459969698985,Vejtemp_267,10,11,11
268,268,54.9075470527267,9.597226001690379,Vejtemp_268,10,11,11
269,269,55.472754996131634,10.00010194884724,Vejtemp_269,9,10,10
270,270,55.571533038317256,10.196660027099698,Vejtemp_270,9,10,10
271,271,55.51790003382986,10.15685402110303,Vejtemp_271,13,10,10
272,272,55.465713995867034,10.386344931688258,Vejtemp_272,10,10,10
273,273,55.432747038529946,10.479374955530085,Vejtemp_273,10,11,11
274,274,55.43103405846865,10.245434980283909,Vejtemp_274,9,10,10
275,275,55.40086407844107,10.386201071933048,Vejtemp_275,10,11,11
276,276,55.374600069477,10.333482049918269,Vejtemp_276,11,10,10
277,277,55.42215304013593,10.382381939241158,Vejtemp_277,10,10,10
278,278,55.42284004750708,10.374344955083735,Vejtemp_278,10,11,11
279,279,55.42210801717038,10.38236598784627,Vejtemp_279,10,11,11
280,280,55.42276001172953,10.37562899695053,Vejtemp_280,10,11,11
281,281,55.40231707323615,10.382826018726298,Vejtemp_281,9,11,11
282,282,55.313360016638725,10.270272996217605,Vejtemp_282,10,10,10
283,283,55.26926004060025,10.096726994528654,Vejtemp_283,9,10,10
284,284,55.213398042424835,10.143213037836215,Vejtemp_284,9,10,10
285,285,55.389290054525,10.137476993257527,Vejtemp_285,9,9,9
286,286,55.40662003527735,10.010909980719688,Vejtemp_286,9,10,10
287,287,55.38758000110701,10.08023997555214,Vejtemp_287,9,10,10
288,288,55.373400051048904,10.033789945540942,Vejtemp_288,9,10,10
289,289,55.357580065849135,10.04584004181707,Vejtemp_289,9,10,10
290,290,55.34595999914432,10.093710009316293,Vejtemp_290,9,10,10
291,291,55.33677005370399,10.183620006213287,Vejtemp_291,9,10,10
292,292,55.330880060748775,10.140340033715002,Vejtemp_292,9,10,10
293,293,55.329790067150256,10.004220079267125,Vejtemp_293,9,10,10
294,294,55.3143400294349,10.049510044751887,Vejtemp_294,9,9,9
295,295,55.31242007090929,10.09660995188957,Vejtemp_295,8,9,9
296,296,55.272410061278876,10.050060043205958,Vejtemp_296,9,9,9
297,297,55.259210077464274,9.899600001585723,Vejtemp_297,9,10,10
298,298,55.25132001717315,10.06681003863494,Vejtemp_298,9,10,10
299,299,55.193300020656764,10.083270047947407,Vejtemp_299,9,10,10
300,300,55.18533006651315,9.984340029590093,Vejtemp_300,8,9,9
301,301,55.183880040151394,10.673481059542798,Vejtemp_301,9,10,10
302,302,55.09185401227305,10.651229925042244,Vejtemp_302,9,9,9
303,303,55.140580065798346,10.49751002698578,Vejtemp_303,9,9,9
304,304,54.87610604784192,10.349734002412715,Vejtemp_304,8,9,9
305,305,55.11684799475188,10.905729027119243,Vejtemp_305,9,9,9
306,306,54.83432005402049,10.702939014265368,Vejtemp_306,10,10,10
307,307,55.2345600202778,9.5536699696136,Vejtemp_307,9,10,10
308,308,55.1921900608771,9.467653949631288,Vejtemp_308,9,10,10
309,309,55.22084802015248,9.266987014026785,Vejtemp_309,9,10,10
310,310,55.217075024896,9.286743922784247,Vejtemp_310,9,10,10
311,311,55.223470074028924,9.24604399812487,Vejtemp_311,9,10,10
312,312,54.943970022175115,9.44220103775482,Vejtemp_312,10,10,10
313,313,54.954506041895144,9.630890009089955,Vejtemp_313,10,10,10
314,314,55.3124200545945,10.805488958434236,Vejtemp_314,8,9,9
315,315,56.541332074670244,9.90260106980353,Vejtemp_315,10,10,10
316,316,56.45816807015324,9.989520047487904,Vejtemp_316,11,10,10
317,317,56.40536504246909,10.239076950468784,Vejtemp_317,9,10,10
318,318,56.43285401138188,10.602333929322176,Vejtemp_318,8,10,10
319,319,56.4274640545736,10.81826692020159,Vejtemp_319,8,9,9
320,320,56.29211402939662,9.321478055636012,Vejtemp_320,10,10,10
321,321,56.29344601525447,10.595854962314524,Vejtemp_321,11,9,9
322,322,56.26436003807753,10.611518938169,Vejtemp_322,8,10,10
323,323,56.15107305276956,9.48754296768791,Vejtemp_323,9,10,10
324,324,56.09331503632836,9.36838600012512,Vejtemp_324,9,9,9
325,325,55.89187999517199,9.803219990878413,Vejtemp_325,10,11,11
326,326,55.85986999856899,9.262844000968176,Vejtemp_326,11,10,10
327,327,56.22292304927843,10.226003972338738,Vejtemp_327,10,10,10
328,328,55.70190402882795,9.573478938006945,Vejtemp_328,11,11,11
329,329,56.13849001975898,9.402660022851647,Vejtemp_329,10,10,10
330,330,56.19390006243342,9.561499999095368,Vejtemp_330,10,11,11
331,331,56.14630003001491,9.79889999178907,Vejtemp_331,9,10,10
332,332,56.31285003466605,10.393240059602924,Vejtemp_332,9,9,9
333,333,55.70603601500134,9.264901971261056,Vejtemp_333,9,10,10
334,334,56.2398870785573,9.80793996606645,Vejtemp_334,9,10,10
335,335,55.827370027877066,9.529830028895608,Vejtemp_335,10,10,10
336,336,56.511510058088035,9.968641985863858,Vejtemp_336,9,10,10
337,337,56.43861807245747,9.9351819854178,Vejtemp_337,9,10,10
338,338,56.49286707574871,10.073932056696284,Vejtemp_338,9,10,10
339,339,56.565070047998276,9.974781077829968,Vejtemp_339,9,10,10
340,340,56.59834705430964,10.042155963093586,Vejtemp_340,7,10,10
341,341,56.635405992549664,10.222219073468436,Vejtemp_341,9,10,10
342,342,56.606632013591735,10.260606981076005,Vejtemp_342,8,10,10
343,343,56.54059003262633,10.1558020244887,Vejtemp_343,7,10,10
344,344,56.543446019737466,9.82864003297861,Vejtemp_344,8,10,10
345,345,56.50972000994301,9.91375797572518,Vejtemp_345,8,10,10
346,346,56.46973005086915,9.915512018605389,Vejtemp_346,9,10,10
347,347,56.42914605922609,9.883325026688897,Vejtemp_347,9,10,10
348,348,56.404366062779864,10.106542071278751,Vejtemp_348,8,10,10
349,349,56.46411503234717,10.196284037966427,Vejtemp_349,8,10,10
350,350,56.42427000684455,10.017301988939831,Vejtemp_350,8,10,10
351,351,56.49739502310676,10.638313068478672,Vejtemp_351,8,10,10
352,352,56.270275033530154,9.872099072385442,Vejtemp_352,9,9,9
353,353,56.244602022574604,10.02762902521381,Vejtemp_353,8,10,10
354,354,56.3127980607969,9.763994926407962,Vejtemp_354,9,10,10
355,355,56.351864043626115,9.959890059238996,Vejtemp_355,9,10,10
356,356,56.4467960059244,9.831800028100673,Vejtemp_356,9,10,10
357,357,56.36287302502478,10.07591894984946,Vejtemp_357,8,10,10
358,358,56.30311999305164,10.114640957992023,Vejtemp_358,8,10,10
359,359,56.291909994231695,9.976956044870702,Vejtemp_359,8,9,9
360,360,56.360600074186024,10.566662024572787,Vejtemp_360,8,10,10
361,361,56.38006601795502,10.431437066168465,Vejtemp_361,8,10,10
362,362,56.29721005861269,10.773499968125643,Vejtemp_362,8,9,9
363,363,56.34882403121827,10.250536049870238,Vejtemp_363,8,10,10
364,364,56.237490005536216,10.715404979440555,Vejtemp_364,8,9,9
365,365,56.1909299987797,10.513094045272144,Vejtemp_365,8,9,9
366,366,56.3391600005194,10.656497932495512,Vejtemp_366,8,10,10
367,367,56.24042001466266,10.535011045403682,Vejtemp_367,8,9,9
368,368,56.3092770530688,9.568517923940787,Vejtemp_368,9,10,10
369,369,56.20104200797992,9.715027986755441,Vejtemp_369,9,10,10
370,370,56.056114002929085,9.581181022100662,Vejtemp_370,9,10,10
371,371,56.24287006559502,9.4645199870182,Vejtemp_371,10,10,10
372,372,56.29157302428292,9.436982001770835,Vejtemp_372,8,10,10
373,373,56.246734992173636,9.689631959966016,Vejtemp_373,9,10,10
374,374,56.20330406545742,9.755869055412145,Vejtemp_374,8,9,9
375,375,56.185253069705915,9.600507952166762,Vejtemp_375,9,10,10
376,376,56.153572052474146,9.570687952963187,Vejtemp_376,8,10,10
377,377,56.12150606808302,9.492962005229597,Vejtemp_377,8,9,9
378,378,56.14710000212385,10.185259960854319,Vejtemp_378,10,11,11
379,379,56.04112000383108,10.078939942523066,Vejtemp_379,9,10,10
380,380,56.20706600349742,10.165666999260052,Vejtemp_380,9,10,10
381,381,56.10740706859241,10.204558940943706,Vejtemp_381,9,10,10
382,382,56.128807015250416,10.125617936524481,Vejtemp_382,9,10,10
383,383,56.010570008669966,9.698405950557206,Vejtemp_383,8,10,10
384,384,55.95797000198357,9.758693031860576,Vejtemp_384,9,10,10
385,385,55.94699001055658,9.962315062506102,Vejtemp_385,10,10,10
386,386,55.84133505237361,9.794359072683262,Vejtemp_386,9,10,10
387,387,55.96109999914206,9.612707019374886,Vejtemp_387,9,9,9
388,388,55.89462301563273,9.84001894841735,Vejtemp_388,10,10,10
389,389,55.91578706786262,9.922312994440281,Vejtemp_389,10,10,10
390,390,55.92404607204269,9.679497972129548,Vejtemp_390,9,10,10
391,391,55.95954504125846,10.150904026838512,Vejtemp_391,10,11,11
392,392,55.86152007146929,10.557710066457988,Vejtemp_392,8,9,9
393,393,55.94454002045541,10.571070069310373,Vejtemp_393,8,9,9
394,394,55.813199997335815,10.616449951879332,Vejtemp_394,9,10,10
395,395,55.712634999350776,9.835702069563784,Vejtemp_395,9,10,10
396,396,55.76363007536743,9.830864069523994,Vejtemp_396,10,11,11
397,397,55.80604004571113,9.985624927955728,Vejtemp_397,10,10,10
398,398,55.70808999325083,9.985906992583017,Vejtemp_398,8,10,10
399,399,55.80077402687793,9.753481028690844,Vejtemp_399,10,10,10
400,400,55.71263007849806,9.835698940353947,Vejtemp_400,10,10,10
401,401,55.753654045202396,10.011823036019809,Vejtemp_401,9,11,11
402,402,55.712940022619094,10.018330043549932,Vejtemp_402,8,10,10
403,403,55.78392000124688,9.710130041291226,Vejtemp_403,8,10,10
404,404,55.71285005641091,9.739600003070297,Vejtemp_404,10,11,11
405,405,55.798450013981316,9.57147000502733,Vejtemp_405,9,10,10
406,406,55.90458002804815,9.577270040055671,Vejtemp_406,9,10,10
407,407,55.75338399934217,10.021763024222903,Vejtemp_407,8,10,10
408,408,55.74894004285297,10.022725923048963,Vejtemp_408,9,10,10
409,409,56.63791999797125,8.50826896270123,Vejtemp_409,8,9,9
410,410,56.53530001590057,9.462908011591749,Vejtemp_410,9,10,10
411,411,56.51296206730092,9.306366992489561,Vejtemp_411,9,10,10
412,412,56.51935600551405,8.463134048446378,Vejtemp_412,8,10,10
413,413,56.513910038770874,8.952421995101476,Vejtemp_413,9,10,10
414,414,56.42600606668497,9.080359079354084,Vejtemp_414,10,11,11
415,415,56.41259000848113,9.42146799329339,Vejtemp_415,9,9,9
416,416,56.34596599799042,8.631803966885101,Vejtemp_416,9,10,10
417,417,56.258729993191515,8.316734072528154,Vejtemp_417,9,10,10
418,418,56.24968004495995,9.098862073014972,Vejtemp_418,10,10,10
419,419,56.10249702502076,8.718528934373666,Vejtemp_419,9,11,11
420,420,56.054417040401795,8.888585024404454,Vejtemp_420,9,10,10
421,421,55.984360043364894,9.057371023904889,Vejtemp_421,9,10,10
422,422,55.854958041550915,8.740575046670065,Vejtemp_422,8,10,10
423,423,55.80067404509202,8.916554923624364,Vejtemp_423,9,10,10
424,424,55.74168999952081,8.493743975602042,Vejtemp_424,9,10,10
425,425,55.70655404894868,8.978513055033291,Vejtemp_425,12,11,11
426,426,55.63391505653681,8.7803169334376,Vejtemp_426,10,10,10
427,427,56.58712399975646,8.195416050739697,Vejtemp_427,8,9,9
428,428,56.7488820450347,8.84910301554465,Vejtemp_428,9,10,10
429,429,56.12676002047262,9.205549965727748,Vejtemp_429,10,10,10
430,430,56.05980701754504,8.998296972813417,Vejtemp_430,10,10,10
431,431,56.08350805137771,8.440525926987123,Vejtemp_431,8,9,9
432,432,56.48288005242658,9.634130080994984,Vejtemp_432,9,10,10
433,433,56.1968700147663,8.882599922193076,Vejtemp_433,9,10,10
434,434,56.280340071115646,8.739449966860956,Vejtemp_434,10,10,10
435,435,56.47545202697184,9.4130330310047,Vejtemp_435,9,10,10
436,436,56.40537606519166,8.968164945923114,Vejtemp_436,9,10,10
437,437,56.7084900244095,9.051338033023956,Vejtemp_437,8,10,10
438,438,56.6271500460769,8.900254056793909,Vejtemp_438,8,10,10
439,439,56.59474600000281,9.232199051224653,Vejtemp_439,9,10,10
440,440,56.60009005023913,8.760335002853768,Vejtemp_440,8,10,10
441,441,56.550719991406936,9.042568054755742,Vejtemp_441,9,10,10
442,442,56.74960302273061,8.867041034456289,Vejtemp_442,7,9,9
443,443,56.570700023375466,9.237842045796494,Vejtemp_443,9,10,10
444,444,56.54552005092028,8.92675004079909,Vejtemp_444,9,10,10
445,445,56.647354046680725,8.848606053303385,Vejtemp_445,8,10,10
446,446,56.82450504873282,9.034222006019206,Vejtemp_446,8,10,10
447,447,56.380936024218094,8.35842494228642,Vejtemp_447,9,10,10
448,448,56.366710048149244,8.255941001728203,Vejtemp_448,8,10,10
449,449,56.541130007937774,8.508222987780199,Vejtemp_449,7,10,10
450,450,56.490680032401386,8.171420014392305,Vejtemp_450,8,10,10
451,451,56.65628399514829,9.368166937494571,Vejtemp_451,9,10,10
452,452,56.62248205260443,9.545323079634802,Vejtemp_452,9,10,10
453,453,56.55925803761493,9.720208922295543,Vejtemp_453,8,10,10
454,454,56.45421605009623,9.750531033864764,Vejtemp_454,9,11,11
455,455,56.38038004101639,9.6736500297017,Vejtemp_455,9,10,10
456,456,56.390640048938714,9.149732004695888,Vejtemp_456,9,10,10
457,457,56.463623008022054,9.49559602815188,Vejtemp_457,9,10,10
458,458,56.4489500212304,8.74333195342021,Vejtemp_458,9,11,11
459,459,56.2832530645262,8.178566065558657,Vejtemp_459,9,10,10
460,460,56.37208606295333,8.586160068627468,Vejtemp_460,9,11,11
461,461,56.152554057559044,8.987696934605225,Vejtemp_461,9,10,10
462,462,56.184677064404895,8.834100017042465,Vejtemp_462,9,10,10
463,463,55.969610031543354,8.871139028031243,Vejtemp_463,9,11,11
464,464,56.15036403777992,8.90542296221998,Vejtemp_464,9,10,10
465,465,56.33459006005705,9.034026055352598,Vejtemp_465,9,10,10
466,466,55.9379429938779,8.157675041747193,Vejtemp_466,8,9,9
467,467,55.95554400741285,8.522540985345714,Vejtemp_467,9,10,10
468,468,55.94754801403776,9.443515002758527,Vejtemp_468,9,10,10
469,469,55.90522999618156,9.064780036406857,Vejtemp_469,9,10,10
470,470,56.0042200616014,9.263013049257943,Vejtemp_470,9,10,10
471,471,56.141280065525926,9.17803296113476,Vejtemp_471,9,10,10
472,472,55.723007022929565,8.729292929400556,Vejtemp_472,9,11,11
473,473,55.69128800336044,8.344691954228086,Vejtemp_473,8,11,11
474,474,55.569163995917194,8.20245801875295,Vejtemp_474,9,10,10
475,475,56.29728706485691,9.100365011015498,Vejtemp_475,9,10,10
476,476,55.73995999154452,9.136572994043679,Vejtemp_476,8,10,10
477,477,55.73973499871397,9.13657300470782,Vejtemp_477,9,10,10
478,478,55.741005073461,9.177621066642217,Vejtemp_478,9,10,10
479,479,57.58001705177327,9.982195065622763,Vejtemp_479,7,9,9
480,480,57.48264003340934,10.03618704815138,Vejtemp_480,7,9,9
481,481,57.45390302424151,10.53283998264249,Vejtemp_481,7,10,10
482,482,57.44886400883868,10.41964106944122,Vejtemp_482,7,9,9
483,483,57.36129002086921,10.481609982770019,Vejtemp_483,9,10,10
484,484,57.29139001541777,9.69350192880965,Vejtemp_484,7,9,9
485,485,57.08851001989914,9.374101060881873,Vejtemp_485,8,9,9
486,486,57.094414078052004,9.916960933546468,Vejtemp_486,9,10,10
487,487,57.05695000486202,8.681781983984674,Vejtemp_487,8,10,10
488,488,57.03697999013064,8.904325920896525,Vejtemp_488,9,10,10
489,489,56.91165999742965,10.036799022578322,Vejtemp_489,9,10,10
490,490,56.76280202350482,8.832317966158227,Vejtemp_490,8,10,10
491,491,56.78273802718699,9.697661015291228,Vejtemp_491,10,10,10
492,492,56.726870035608414,10.090041023715928,Vejtemp_492,8,10,10
493,493,56.67153004505272,9.701283043378073,Vejtemp_493,8,10,10
494,494,57.168970056536516,9.716704025144997,Vejtemp_494,8,9,9
495,495,57.18648499755436,10.197393059686283,Vejtemp_495,9,10,10
496,496,57.23263506048689,9.952227027932242,Vejtemp_496,9,10,10
497,497,56.81309004122835,9.517480044680168,Vejtemp_497,9,10,10
498,498,56.7832680704742,8.46719393269862,Vejtemp_498,8,10,10
499,499,57.464615034894734,10.278332038002223,Vejtemp_499,7,9,9
500,500,57.606647071335836,10.410720986279749,Vejtemp_500,7,10,10
